<?xml version="1.0" encoding="utf-16"?>
<meta>
  <info type="map" gamemodes="race" name="Running Away 2" author="[FOTL]Ryan and Bonsiak" />
  <map src="Running Away 2.map" />
  <script src="gm.lua" type="client" />
    <settings>
        <setting name="#skins" value='[ &quot;cj&quot; ]' />
        <setting name="#maxplayers" value="[ 32 ]" />
        <setting name="#gamespeed" value="[ 1 ]" />
        <setting name="#ghostmode" value='[ &quot;true&quot; ]' />
        <setting name="#time" value="21:0" />
        <setting name="#vehicleweapons" value='[ &quot;true&quot; ]' />
        <setting name="#minplayers" value="[ 0 ]" />
        <setting name="#weather" value="[ 0 ]" />
        <setting name="#gravity" value="[ 0.008000 ]" />
        <setting name="#waveheight" value="[ 0 ]" />
        <setting name="#respawntime" value="[ 0 ]" />
        <setting name="#locked_time" value="[ false ]" />
        <setting name="#duration" value="[ 1100 ]" />
        <setting name="#respawn" value='[ &quot;none&quot; ]' />
    </settings>
</meta>